,id,count,path
0,1,35,frames/seq_000001.jpg
1,2,41,frames/seq_000002.jpg
2,3,41,frames/seq_000003.jpg
3,4,44,frames/seq_000004.jpg
4,5,41,frames/seq_000005.jpg
5,6,41,frames/seq_000006.jpg
6,7,35,frames/seq_000007.jpg
7,8,36,frames/seq_000008.jpg
8,9,27,frames/seq_000009.jpg
9,10,24,frames/seq_000010.jpg
10,11,16,frames/seq_000011.jpg
11,12,22,frames/seq_000012.jpg
12,13,23,frames/seq_000013.jpg
13,14,25,frames/seq_000014.jpg
14,15,15,frames/seq_000015.jpg
15,16,16,frames/seq_000016.jpg
16,17,15,frames/seq_000017.jpg
17,18,25,frames/seq_000018.jpg
18,19,31,frames/seq_000019.jpg
19,20,25,frames/seq_000020.jpg
20,21,24,frames/seq_000021.jpg
21,22,26,frames/seq_000022.jpg
22,23,23,frames/seq_000023.jpg
23,24,23,frames/seq_000024.jpg
24,25,22,frames/seq_000025.jpg
25,26,23,frames/seq_000026.jpg
26,27,21,frames/seq_000027.jpg
27,28,23,frames/seq_000028.jpg
28,29,26,frames/seq_000029.jpg
29,30,27,frames/seq_000030.jpg
30,31,23,frames/seq_000031.jpg
31,32,22,frames/seq_000032.jpg
32,33,21,frames/seq_000033.jpg
33,34,19,frames/seq_000034.jpg
34,35,19,frames/seq_000035.jpg
35,36,23,frames/seq_000036.jpg
36,37,25,frames/seq_000037.jpg
37,38,25,frames/seq_000038.jpg
38,39,27,frames/seq_000039.jpg
39,40,25,frames/seq_000040.jpg
40,41,24,frames/seq_000041.jpg
41,42,21,frames/seq_000042.jpg
42,43,20,frames/seq_000043.jpg
43,44,20,frames/seq_000044.jpg
44,45,24,frames/seq_000045.jpg
45,46,22,frames/seq_000046.jpg
46,47,21,frames/seq_000047.jpg
47,48,18,frames/seq_000048.jpg
48,49,28,frames/seq_000049.jpg
49,50,25,frames/seq_000050.jpg
50,51,19,frames/seq_000051.jpg
51,52,15,frames/seq_000052.jpg
52,53,17,frames/seq_000053.jpg
53,54,18,frames/seq_000054.jpg
54,55,24,frames/seq_000055.jpg
55,56,27,frames/seq_000056.jpg
56,57,23,frames/seq_000057.jpg
57,58,28,frames/seq_000058.jpg
58,59,27,frames/seq_000059.jpg
59,60,16,frames/seq_000060.jpg
60,61,16,frames/seq_000061.jpg
61,62,16,frames/seq_000062.jpg
62,63,22,frames/seq_000063.jpg
63,64,23,frames/seq_000064.jpg
64,65,31,frames/seq_000065.jpg
65,66,27,frames/seq_000066.jpg
66,67,33,frames/seq_000067.jpg
67,68,36,frames/seq_000068.jpg
68,69,36,frames/seq_000069.jpg
69,70,36,frames/seq_000070.jpg
70,71,34,frames/seq_000071.jpg
71,72,34,frames/seq_000072.jpg
72,73,46,frames/seq_000073.jpg
73,74,42,frames/seq_000074.jpg
74,75,48,frames/seq_000075.jpg
75,76,44,frames/seq_000076.jpg
76,77,37,frames/seq_000077.jpg
77,78,33,frames/seq_000078.jpg
78,79,35,frames/seq_000079.jpg
79,80,34,frames/seq_000080.jpg
80,81,37,frames/seq_000081.jpg
81,82,35,frames/seq_000082.jpg
82,83,39,frames/seq_000083.jpg
83,84,44,frames/seq_000084.jpg
84,85,31,frames/seq_000085.jpg
85,86,34,frames/seq_000086.jpg
86,87,31,frames/seq_000087.jpg
87,88,31,frames/seq_000088.jpg
88,89,32,frames/seq_000089.jpg
89,90,28,frames/seq_000090.jpg
90,91,30,frames/seq_000091.jpg
91,92,26,frames/seq_000092.jpg
92,93,26,frames/seq_000093.jpg
93,94,30,frames/seq_000094.jpg
94,95,33,frames/seq_000095.jpg
95,96,25,frames/seq_000096.jpg
96,97,28,frames/seq_000097.jpg
97,98,30,frames/seq_000098.jpg
98,99,31,frames/seq_000099.jpg
99,100,32,frames/seq_000100.jpg
100,101,28,frames/seq_000101.jpg
101,102,26,frames/seq_000102.jpg
102,103,21,frames/seq_000103.jpg
103,104,22,frames/seq_000104.jpg
104,105,20,frames/seq_000105.jpg
105,106,21,frames/seq_000106.jpg
106,107,21,frames/seq_000107.jpg
107,108,32,frames/seq_000108.jpg
108,109,29,frames/seq_000109.jpg
109,110,26,frames/seq_000110.jpg
110,111,24,frames/seq_000111.jpg
111,112,27,frames/seq_000112.jpg
112,113,40,frames/seq_000113.jpg
113,114,46,frames/seq_000114.jpg
114,115,33,frames/seq_000115.jpg
115,116,30,frames/seq_000116.jpg
116,117,37,frames/seq_000117.jpg
117,118,41,frames/seq_000118.jpg
118,119,40,frames/seq_000119.jpg
119,120,37,frames/seq_000120.jpg
120,121,34,frames/seq_000121.jpg
121,122,33,frames/seq_000122.jpg
122,123,36,frames/seq_000123.jpg
123,124,31,frames/seq_000124.jpg
124,125,31,frames/seq_000125.jpg
125,126,28,frames/seq_000126.jpg
126,127,29,frames/seq_000127.jpg
127,128,32,frames/seq_000128.jpg
128,129,34,frames/seq_000129.jpg
129,130,38,frames/seq_000130.jpg
130,131,35,frames/seq_000131.jpg
131,132,36,frames/seq_000132.jpg
132,133,44,frames/seq_000133.jpg
133,134,39,frames/seq_000134.jpg
134,135,33,frames/seq_000135.jpg
135,136,41,frames/seq_000136.jpg
136,137,40,frames/seq_000137.jpg
137,138,41,frames/seq_000138.jpg
138,139,41,frames/seq_000139.jpg
139,140,43,frames/seq_000140.jpg
140,141,39,frames/seq_000141.jpg
141,142,33,frames/seq_000142.jpg
142,143,26,frames/seq_000143.jpg
143,144,29,frames/seq_000144.jpg
144,145,34,frames/seq_000145.jpg
145,146,35,frames/seq_000146.jpg
146,147,26,frames/seq_000147.jpg
147,148,33,frames/seq_000148.jpg
148,149,37,frames/seq_000149.jpg
149,150,35,frames/seq_000150.jpg
150,151,32,frames/seq_000151.jpg
151,152,29,frames/seq_000152.jpg
152,153,30,frames/seq_000153.jpg
153,154,29,frames/seq_000154.jpg
154,155,29,frames/seq_000155.jpg
155,156,29,frames/seq_000156.jpg
156,157,29,frames/seq_000157.jpg
157,158,35,frames/seq_000158.jpg
158,159,28,frames/seq_000159.jpg
159,160,32,frames/seq_000160.jpg
160,161,33,frames/seq_000161.jpg
161,162,35,frames/seq_000162.jpg
162,163,36,frames/seq_000163.jpg
163,164,35,frames/seq_000164.jpg
164,165,37,frames/seq_000165.jpg
165,166,42,frames/seq_000166.jpg
166,167,43,frames/seq_000167.jpg
167,168,39,frames/seq_000168.jpg
168,169,38,frames/seq_000169.jpg
169,170,34,frames/seq_000170.jpg
170,171,31,frames/seq_000171.jpg
171,172,29,frames/seq_000172.jpg
172,173,29,frames/seq_000173.jpg
173,174,31,frames/seq_000174.jpg
174,175,36,frames/seq_000175.jpg
175,176,36,frames/seq_000176.jpg
176,177,37,frames/seq_000177.jpg
177,178,42,frames/seq_000178.jpg
178,179,45,frames/seq_000179.jpg
179,180,44,frames/seq_000180.jpg
180,181,53,frames/seq_000181.jpg
181,182,47,frames/seq_000182.jpg
182,183,36,frames/seq_000183.jpg
183,184,31,frames/seq_000184.jpg
184,185,39,frames/seq_000185.jpg
185,186,37,frames/seq_000186.jpg
186,187,38,frames/seq_000187.jpg
187,188,33,frames/seq_000188.jpg
188,189,34,frames/seq_000189.jpg
189,190,26,frames/seq_000190.jpg
190,191,28,frames/seq_000191.jpg
191,192,28,frames/seq_000192.jpg
192,193,31,frames/seq_000193.jpg
193,194,36,frames/seq_000194.jpg
194,195,38,frames/seq_000195.jpg
195,196,37,frames/seq_000196.jpg
196,197,36,frames/seq_000197.jpg
197,198,25,frames/seq_000198.jpg
198,199,27,frames/seq_000199.jpg
199,200,31,frames/seq_000200.jpg
200,201,31,frames/seq_000201.jpg
201,202,31,frames/seq_000202.jpg
202,203,30,frames/seq_000203.jpg
203,204,31,frames/seq_000204.jpg
204,205,30,frames/seq_000205.jpg
205,206,31,frames/seq_000206.jpg
206,207,27,frames/seq_000207.jpg
207,208,24,frames/seq_000208.jpg
208,209,27,frames/seq_000209.jpg
209,210,26,frames/seq_000210.jpg
210,211,27,frames/seq_000211.jpg
211,212,27,frames/seq_000212.jpg
212,213,25,frames/seq_000213.jpg
213,214,28,frames/seq_000214.jpg
214,215,26,frames/seq_000215.jpg
215,216,27,frames/seq_000216.jpg
216,217,31,frames/seq_000217.jpg
217,218,30,frames/seq_000218.jpg
218,219,29,frames/seq_000219.jpg
219,220,40,frames/seq_000220.jpg
220,221,43,frames/seq_000221.jpg
221,222,40,frames/seq_000222.jpg
222,223,38,frames/seq_000223.jpg
223,224,40,frames/seq_000224.jpg
224,225,33,frames/seq_000225.jpg
225,226,29,frames/seq_000226.jpg
226,227,24,frames/seq_000227.jpg
227,228,28,frames/seq_000228.jpg
228,229,26,frames/seq_000229.jpg
229,230,28,frames/seq_000230.jpg
230,231,23,frames/seq_000231.jpg
231,232,32,frames/seq_000232.jpg
232,233,29,frames/seq_000233.jpg
233,234,34,frames/seq_000234.jpg
234,235,36,frames/seq_000235.jpg
235,236,36,frames/seq_000236.jpg
236,237,36,frames/seq_000237.jpg
237,238,33,frames/seq_000238.jpg
238,239,23,frames/seq_000239.jpg
239,240,23,frames/seq_000240.jpg
240,241,26,frames/seq_000241.jpg
241,242,25,frames/seq_000242.jpg
242,243,29,frames/seq_000243.jpg
243,244,34,frames/seq_000244.jpg
244,245,35,frames/seq_000245.jpg
245,246,36,frames/seq_000246.jpg
246,247,36,frames/seq_000247.jpg
247,248,32,frames/seq_000248.jpg
248,249,35,frames/seq_000249.jpg
249,250,34,frames/seq_000250.jpg
250,251,36,frames/seq_000251.jpg
251,252,31,frames/seq_000252.jpg
252,253,31,frames/seq_000253.jpg
253,254,33,frames/seq_000254.jpg
254,255,35,frames/seq_000255.jpg
255,256,30,frames/seq_000256.jpg
256,257,30,frames/seq_000257.jpg
257,258,35,frames/seq_000258.jpg
258,259,35,frames/seq_000259.jpg
259,260,22,frames/seq_000260.jpg
260,261,18,frames/seq_000261.jpg
261,262,18,frames/seq_000262.jpg
262,263,19,frames/seq_000263.jpg
263,264,24,frames/seq_000264.jpg
264,265,28,frames/seq_000265.jpg
265,266,31,frames/seq_000266.jpg
266,267,25,frames/seq_000267.jpg
267,268,23,frames/seq_000268.jpg
268,269,22,frames/seq_000269.jpg
269,270,29,frames/seq_000270.jpg
270,271,30,frames/seq_000271.jpg
271,272,37,frames/seq_000272.jpg
272,273,37,frames/seq_000273.jpg
273,274,33,frames/seq_000274.jpg
274,275,35,frames/seq_000275.jpg
275,276,33,frames/seq_000276.jpg
276,277,44,frames/seq_000277.jpg
277,278,34,frames/seq_000278.jpg
278,279,34,frames/seq_000279.jpg
279,280,40,frames/seq_000280.jpg
280,281,40,frames/seq_000281.jpg
281,282,43,frames/seq_000282.jpg
282,283,43,frames/seq_000283.jpg
283,284,36,frames/seq_000284.jpg
284,285,29,frames/seq_000285.jpg
285,286,29,frames/seq_000286.jpg
286,287,27,frames/seq_000287.jpg
287,288,30,frames/seq_000288.jpg
288,289,34,frames/seq_000289.jpg
289,290,33,frames/seq_000290.jpg
290,291,47,frames/seq_000291.jpg
291,292,41,frames/seq_000292.jpg
292,293,39,frames/seq_000293.jpg
293,294,30,frames/seq_000294.jpg
294,295,30,frames/seq_000295.jpg
295,296,28,frames/seq_000296.jpg
296,297,31,frames/seq_000297.jpg
297,298,39,frames/seq_000298.jpg
298,299,35,frames/seq_000299.jpg
299,300,41,frames/seq_000300.jpg
300,301,41,frames/seq_000301.jpg
301,302,44,frames/seq_000302.jpg
302,303,33,frames/seq_000303.jpg
303,304,22,frames/seq_000304.jpg
304,305,27,frames/seq_000305.jpg
305,306,28,frames/seq_000306.jpg
306,307,30,frames/seq_000307.jpg
307,308,31,frames/seq_000308.jpg
308,309,32,frames/seq_000309.jpg
309,310,32,frames/seq_000310.jpg
310,311,33,frames/seq_000311.jpg
311,312,34,frames/seq_000312.jpg
312,313,30,frames/seq_000313.jpg
313,314,32,frames/seq_000314.jpg
314,315,42,frames/seq_000315.jpg
315,316,41,frames/seq_000316.jpg
316,317,41,frames/seq_000317.jpg
317,318,46,frames/seq_000318.jpg
318,319,41,frames/seq_000319.jpg
319,320,45,frames/seq_000320.jpg
320,321,45,frames/seq_000321.jpg
321,322,41,frames/seq_000322.jpg
322,323,36,frames/seq_000323.jpg
323,324,34,frames/seq_000324.jpg
324,325,28,frames/seq_000325.jpg
325,326,32,frames/seq_000326.jpg
326,327,29,frames/seq_000327.jpg
327,328,31,frames/seq_000328.jpg
328,329,31,frames/seq_000329.jpg
329,330,21,frames/seq_000330.jpg
330,331,21,frames/seq_000331.jpg
331,332,22,frames/seq_000332.jpg
332,333,32,frames/seq_000333.jpg
333,334,36,frames/seq_000334.jpg
334,335,33,frames/seq_000335.jpg
335,336,27,frames/seq_000336.jpg
336,337,32,frames/seq_000337.jpg
337,338,26,frames/seq_000338.jpg
338,339,25,frames/seq_000339.jpg
339,340,27,frames/seq_000340.jpg
340,341,34,frames/seq_000341.jpg
341,342,30,frames/seq_000342.jpg
342,343,36,frames/seq_000343.jpg
343,344,33,frames/seq_000344.jpg
344,345,36,frames/seq_000345.jpg
345,346,33,frames/seq_000346.jpg
346,347,33,frames/seq_000347.jpg
347,348,41,frames/seq_000348.jpg
348,349,34,frames/seq_000349.jpg
349,350,35,frames/seq_000350.jpg
350,351,32,frames/seq_000351.jpg
351,352,32,frames/seq_000352.jpg
352,353,32,frames/seq_000353.jpg
353,354,34,frames/seq_000354.jpg
354,355,32,frames/seq_000355.jpg
355,356,38,frames/seq_000356.jpg
356,357,38,frames/seq_000357.jpg
357,358,34,frames/seq_000358.jpg
358,359,37,frames/seq_000359.jpg
359,360,28,frames/seq_000360.jpg
360,361,31,frames/seq_000361.jpg
361,362,29,frames/seq_000362.jpg
362,363,36,frames/seq_000363.jpg
363,364,37,frames/seq_000364.jpg
364,365,41,frames/seq_000365.jpg
365,366,40,frames/seq_000366.jpg
366,367,41,frames/seq_000367.jpg
367,368,36,frames/seq_000368.jpg
368,369,36,frames/seq_000369.jpg
369,370,35,frames/seq_000370.jpg
370,371,33,frames/seq_000371.jpg
371,372,36,frames/seq_000372.jpg
372,373,37,frames/seq_000373.jpg
373,374,30,frames/seq_000374.jpg
374,375,30,frames/seq_000375.jpg
375,376,32,frames/seq_000376.jpg
376,377,29,frames/seq_000377.jpg
377,378,27,frames/seq_000378.jpg
378,379,33,frames/seq_000379.jpg
379,380,29,frames/seq_000380.jpg
380,381,34,frames/seq_000381.jpg
381,382,31,frames/seq_000382.jpg
382,383,30,frames/seq_000383.jpg
383,384,31,frames/seq_000384.jpg
384,385,33,frames/seq_000385.jpg
385,386,33,frames/seq_000386.jpg
386,387,29,frames/seq_000387.jpg
387,388,32,frames/seq_000388.jpg
388,389,36,frames/seq_000389.jpg
389,390,39,frames/seq_000390.jpg
390,391,36,frames/seq_000391.jpg
391,392,32,frames/seq_000392.jpg
392,393,29,frames/seq_000393.jpg
393,394,26,frames/seq_000394.jpg
394,395,28,frames/seq_000395.jpg
395,396,28,frames/seq_000396.jpg
396,397,32,frames/seq_000397.jpg
397,398,32,frames/seq_000398.jpg
398,399,28,frames/seq_000399.jpg
399,400,28,frames/seq_000400.jpg
400,401,29,frames/seq_000401.jpg
401,402,30,frames/seq_000402.jpg
402,403,31,frames/seq_000403.jpg
403,404,26,frames/seq_000404.jpg
404,405,26,frames/seq_000405.jpg
405,406,28,frames/seq_000406.jpg
406,407,27,frames/seq_000407.jpg
407,408,29,frames/seq_000408.jpg
408,409,31,frames/seq_000409.jpg
409,410,37,frames/seq_000410.jpg
410,411,37,frames/seq_000411.jpg
411,412,41,frames/seq_000412.jpg
412,413,40,frames/seq_000413.jpg
413,414,42,frames/seq_000414.jpg
414,415,36,frames/seq_000415.jpg
415,416,37,frames/seq_000416.jpg
416,417,38,frames/seq_000417.jpg
417,418,37,frames/seq_000418.jpg
418,419,40,frames/seq_000419.jpg
419,420,37,frames/seq_000420.jpg
420,421,41,frames/seq_000421.jpg
421,422,41,frames/seq_000422.jpg
422,423,36,frames/seq_000423.jpg
423,424,33,frames/seq_000424.jpg
424,425,37,frames/seq_000425.jpg
425,426,36,frames/seq_000426.jpg
426,427,35,frames/seq_000427.jpg
427,428,36,frames/seq_000428.jpg
428,429,33,frames/seq_000429.jpg
429,430,31,frames/seq_000430.jpg
430,431,30,frames/seq_000431.jpg
431,432,29,frames/seq_000432.jpg
432,433,25,frames/seq_000433.jpg
433,434,21,frames/seq_000434.jpg
434,435,22,frames/seq_000435.jpg
435,436,19,frames/seq_000436.jpg
436,437,17,frames/seq_000437.jpg
437,438,17,frames/seq_000438.jpg
438,439,18,frames/seq_000439.jpg
439,440,17,frames/seq_000440.jpg
440,441,17,frames/seq_000441.jpg
441,442,16,frames/seq_000442.jpg
442,443,17,frames/seq_000443.jpg
443,444,16,frames/seq_000444.jpg
444,445,19,frames/seq_000445.jpg
445,446,22,frames/seq_000446.jpg
446,447,20,frames/seq_000447.jpg
447,448,21,frames/seq_000448.jpg
448,449,23,frames/seq_000449.jpg
449,450,18,frames/seq_000450.jpg
450,451,23,frames/seq_000451.jpg
451,452,22,frames/seq_000452.jpg
452,453,24,frames/seq_000453.jpg
453,454,24,frames/seq_000454.jpg
454,455,20,frames/seq_000455.jpg
455,456,23,frames/seq_000456.jpg
456,457,26,frames/seq_000457.jpg
457,458,26,frames/seq_000458.jpg
458,459,25,frames/seq_000459.jpg
459,460,23,frames/seq_000460.jpg
460,461,22,frames/seq_000461.jpg
461,462,20,frames/seq_000462.jpg
462,463,16,frames/seq_000463.jpg
463,464,18,frames/seq_000464.jpg
464,465,17,frames/seq_000465.jpg
465,466,17,frames/seq_000466.jpg
466,467,16,frames/seq_000467.jpg
467,468,15,frames/seq_000468.jpg
468,469,17,frames/seq_000469.jpg
469,470,16,frames/seq_000470.jpg
470,471,16,frames/seq_000471.jpg
471,472,14,frames/seq_000472.jpg
472,473,13,frames/seq_000473.jpg
473,474,18,frames/seq_000474.jpg
474,475,18,frames/seq_000475.jpg
475,476,16,frames/seq_000476.jpg
476,477,18,frames/seq_000477.jpg
477,478,20,frames/seq_000478.jpg
478,479,19,frames/seq_000479.jpg
479,480,24,frames/seq_000480.jpg
480,481,27,frames/seq_000481.jpg
481,482,31,frames/seq_000482.jpg
482,483,31,frames/seq_000483.jpg
483,484,30,frames/seq_000484.jpg
484,485,33,frames/seq_000485.jpg
485,486,33,frames/seq_000486.jpg
486,487,33,frames/seq_000487.jpg
487,488,31,frames/seq_000488.jpg
488,489,25,frames/seq_000489.jpg
489,490,23,frames/seq_000490.jpg
490,491,20,frames/seq_000491.jpg
491,492,23,frames/seq_000492.jpg
492,493,23,frames/seq_000493.jpg
493,494,22,frames/seq_000494.jpg
494,495,22,frames/seq_000495.jpg
495,496,24,frames/seq_000496.jpg
496,497,24,frames/seq_000497.jpg
497,498,26,frames/seq_000498.jpg
498,499,27,frames/seq_000499.jpg
499,500,29,frames/seq_000500.jpg
500,501,26,frames/seq_000501.jpg
501,502,25,frames/seq_000502.jpg
502,503,24,frames/seq_000503.jpg
503,504,26,frames/seq_000504.jpg
504,505,31,frames/seq_000505.jpg
505,506,32,frames/seq_000506.jpg
506,507,28,frames/seq_000507.jpg
507,508,29,frames/seq_000508.jpg
508,509,29,frames/seq_000509.jpg
509,510,30,frames/seq_000510.jpg
510,511,29,frames/seq_000511.jpg
511,512,27,frames/seq_000512.jpg
512,513,29,frames/seq_000513.jpg
513,514,28,frames/seq_000514.jpg
514,515,25,frames/seq_000515.jpg
515,516,27,frames/seq_000516.jpg
516,517,27,frames/seq_000517.jpg
517,518,25,frames/seq_000518.jpg
518,519,22,frames/seq_000519.jpg
519,520,23,frames/seq_000520.jpg
520,521,26,frames/seq_000521.jpg
521,522,25,frames/seq_000522.jpg
522,523,22,frames/seq_000523.jpg
523,524,19,frames/seq_000524.jpg
524,525,24,frames/seq_000525.jpg
525,526,20,frames/seq_000526.jpg
526,527,20,frames/seq_000527.jpg
527,528,20,frames/seq_000528.jpg
528,529,24,frames/seq_000529.jpg
529,530,24,frames/seq_000530.jpg
530,531,23,frames/seq_000531.jpg
531,532,20,frames/seq_000532.jpg
532,533,20,frames/seq_000533.jpg
533,534,23,frames/seq_000534.jpg
534,535,26,frames/seq_000535.jpg
535,536,26,frames/seq_000536.jpg
536,537,23,frames/seq_000537.jpg
537,538,19,frames/seq_000538.jpg
538,539,19,frames/seq_000539.jpg
539,540,18,frames/seq_000540.jpg
540,541,18,frames/seq_000541.jpg
541,542,16,frames/seq_000542.jpg
542,543,15,frames/seq_000543.jpg
543,544,17,frames/seq_000544.jpg
544,545,17,frames/seq_000545.jpg
545,546,18,frames/seq_000546.jpg
546,547,20,frames/seq_000547.jpg
547,548,17,frames/seq_000548.jpg
548,549,23,frames/seq_000549.jpg
549,550,25,frames/seq_000550.jpg
550,551,29,frames/seq_000551.jpg
551,552,29,frames/seq_000552.jpg
552,553,30,frames/seq_000553.jpg
553,554,29,frames/seq_000554.jpg
554,555,23,frames/seq_000555.jpg
555,556,22,frames/seq_000556.jpg
556,557,21,frames/seq_000557.jpg
557,558,21,frames/seq_000558.jpg
558,559,21,frames/seq_000559.jpg
559,560,22,frames/seq_000560.jpg
560,561,24,frames/seq_000561.jpg
561,562,27,frames/seq_000562.jpg
562,563,26,frames/seq_000563.jpg
563,564,26,frames/seq_000564.jpg
564,565,23,frames/seq_000565.jpg
565,566,24,frames/seq_000566.jpg
566,567,26,frames/seq_000567.jpg
567,568,26,frames/seq_000568.jpg
568,569,25,frames/seq_000569.jpg
569,570,24,frames/seq_000570.jpg
570,571,20,frames/seq_000571.jpg
571,572,23,frames/seq_000572.jpg
572,573,23,frames/seq_000573.jpg
573,574,23,frames/seq_000574.jpg
574,575,24,frames/seq_000575.jpg
575,576,24,frames/seq_000576.jpg
576,577,22,frames/seq_000577.jpg
577,578,22,frames/seq_000578.jpg
578,579,26,frames/seq_000579.jpg
579,580,22,frames/seq_000580.jpg
580,581,23,frames/seq_000581.jpg
581,582,23,frames/seq_000582.jpg
582,583,21,frames/seq_000583.jpg
583,584,20,frames/seq_000584.jpg
584,585,20,frames/seq_000585.jpg
585,586,23,frames/seq_000586.jpg
586,587,27,frames/seq_000587.jpg
587,588,24,frames/seq_000588.jpg
588,589,25,frames/seq_000589.jpg
589,590,26,frames/seq_000590.jpg
590,591,26,frames/seq_000591.jpg
591,592,25,frames/seq_000592.jpg
592,593,25,frames/seq_000593.jpg
593,594,23,frames/seq_000594.jpg
594,595,20,frames/seq_000595.jpg
595,596,18,frames/seq_000596.jpg
596,597,18,frames/seq_000597.jpg
597,598,14,frames/seq_000598.jpg
598,599,15,frames/seq_000599.jpg
599,600,19,frames/seq_000600.jpg
600,601,19,frames/seq_000601.jpg
601,602,19,frames/seq_000602.jpg
602,603,18,frames/seq_000603.jpg
603,604,19,frames/seq_000604.jpg
604,605,21,frames/seq_000605.jpg
605,606,24,frames/seq_000606.jpg
606,607,23,frames/seq_000607.jpg
607,608,25,frames/seq_000608.jpg
608,609,23,frames/seq_000609.jpg
609,610,25,frames/seq_000610.jpg
610,611,27,frames/seq_000611.jpg
611,612,28,frames/seq_000612.jpg
612,613,30,frames/seq_000613.jpg
613,614,32,frames/seq_000614.jpg
614,615,30,frames/seq_000615.jpg
615,616,29,frames/seq_000616.jpg
616,617,27,frames/seq_000617.jpg
617,618,28,frames/seq_000618.jpg
618,619,26,frames/seq_000619.jpg
619,620,25,frames/seq_000620.jpg
620,621,29,frames/seq_000621.jpg
621,622,28,frames/seq_000622.jpg
622,623,25,frames/seq_000623.jpg
623,624,26,frames/seq_000624.jpg
624,625,25,frames/seq_000625.jpg
625,626,25,frames/seq_000626.jpg
626,627,22,frames/seq_000627.jpg
627,628,22,frames/seq_000628.jpg
628,629,22,frames/seq_000629.jpg
629,630,23,frames/seq_000630.jpg
630,631,21,frames/seq_000631.jpg
631,632,22,frames/seq_000632.jpg
632,633,25,frames/seq_000633.jpg
633,634,26,frames/seq_000634.jpg
634,635,27,frames/seq_000635.jpg
635,636,24,frames/seq_000636.jpg
636,637,31,frames/seq_000637.jpg
637,638,27,frames/seq_000638.jpg
638,639,28,frames/seq_000639.jpg
639,640,29,frames/seq_000640.jpg
640,641,28,frames/seq_000641.jpg
641,642,28,frames/seq_000642.jpg
642,643,25,frames/seq_000643.jpg
643,644,24,frames/seq_000644.jpg
644,645,24,frames/seq_000645.jpg
645,646,24,frames/seq_000646.jpg
646,647,24,frames/seq_000647.jpg
647,648,23,frames/seq_000648.jpg
648,649,22,frames/seq_000649.jpg
649,650,22,frames/seq_000650.jpg
650,651,24,frames/seq_000651.jpg
651,652,20,frames/seq_000652.jpg
652,653,19,frames/seq_000653.jpg
653,654,19,frames/seq_000654.jpg
654,655,17,frames/seq_000655.jpg
655,656,16,frames/seq_000656.jpg
656,657,17,frames/seq_000657.jpg
657,658,13,frames/seq_000658.jpg
658,659,14,frames/seq_000659.jpg
659,660,17,frames/seq_000660.jpg
660,661,17,frames/seq_000661.jpg
661,662,18,frames/seq_000662.jpg
662,663,19,frames/seq_000663.jpg
663,664,18,frames/seq_000664.jpg
664,665,18,frames/seq_000665.jpg
665,666,20,frames/seq_000666.jpg
666,667,20,frames/seq_000667.jpg
667,668,19,frames/seq_000668.jpg
668,669,19,frames/seq_000669.jpg
669,670,19,frames/seq_000670.jpg
670,671,19,frames/seq_000671.jpg
671,672,21,frames/seq_000672.jpg
672,673,23,frames/seq_000673.jpg
673,674,23,frames/seq_000674.jpg
674,675,22,frames/seq_000675.jpg
675,676,22,frames/seq_000676.jpg
676,677,23,frames/seq_000677.jpg
677,678,24,frames/seq_000678.jpg
678,679,24,frames/seq_000679.jpg
679,680,23,frames/seq_000680.jpg
680,681,24,frames/seq_000681.jpg
681,682,27,frames/seq_000682.jpg
682,683,27,frames/seq_000683.jpg
683,684,37,frames/seq_000684.jpg
684,685,38,frames/seq_000685.jpg
685,686,36,frames/seq_000686.jpg
686,687,35,frames/seq_000687.jpg
687,688,32,frames/seq_000688.jpg
688,689,32,frames/seq_000689.jpg
689,690,32,frames/seq_000690.jpg
690,691,33,frames/seq_000691.jpg
691,692,33,frames/seq_000692.jpg
692,693,35,frames/seq_000693.jpg
693,694,31,frames/seq_000694.jpg
694,695,28,frames/seq_000695.jpg
695,696,29,frames/seq_000696.jpg
696,697,31,frames/seq_000697.jpg
697,698,33,frames/seq_000698.jpg
698,699,34,frames/seq_000699.jpg
699,700,34,frames/seq_000700.jpg
700,701,33,frames/seq_000701.jpg
701,702,32,frames/seq_000702.jpg
702,703,33,frames/seq_000703.jpg
703,704,35,frames/seq_000704.jpg
704,705,33,frames/seq_000705.jpg
705,706,32,frames/seq_000706.jpg
706,707,36,frames/seq_000707.jpg
707,708,42,frames/seq_000708.jpg
708,709,47,frames/seq_000709.jpg
709,710,42,frames/seq_000710.jpg
710,711,41,frames/seq_000711.jpg
711,712,40,frames/seq_000712.jpg
712,713,39,frames/seq_000713.jpg
713,714,41,frames/seq_000714.jpg
714,715,45,frames/seq_000715.jpg
715,716,42,frames/seq_000716.jpg
716,717,39,frames/seq_000717.jpg
717,718,40,frames/seq_000718.jpg
718,719,43,frames/seq_000719.jpg
719,720,49,frames/seq_000720.jpg
720,721,47,frames/seq_000721.jpg
721,722,47,frames/seq_000722.jpg
722,723,50,frames/seq_000723.jpg
723,724,48,frames/seq_000724.jpg
724,725,46,frames/seq_000725.jpg
725,726,48,frames/seq_000726.jpg
726,727,47,frames/seq_000727.jpg
727,728,46,frames/seq_000728.jpg
728,729,47,frames/seq_000729.jpg
729,730,43,frames/seq_000730.jpg
730,731,42,frames/seq_000731.jpg
731,732,42,frames/seq_000732.jpg
732,733,38,frames/seq_000733.jpg
733,734,33,frames/seq_000734.jpg
734,735,33,frames/seq_000735.jpg
735,736,33,frames/seq_000736.jpg
736,737,34,frames/seq_000737.jpg
737,738,36,frames/seq_000738.jpg
738,739,32,frames/seq_000739.jpg
739,740,33,frames/seq_000740.jpg
740,741,40,frames/seq_000741.jpg
741,742,35,frames/seq_000742.jpg
742,743,35,frames/seq_000743.jpg
743,744,34,frames/seq_000744.jpg
744,745,32,frames/seq_000745.jpg
745,746,33,frames/seq_000746.jpg
746,747,34,frames/seq_000747.jpg
747,748,34,frames/seq_000748.jpg
748,749,31,frames/seq_000749.jpg
749,750,35,frames/seq_000750.jpg
750,751,36,frames/seq_000751.jpg
751,752,41,frames/seq_000752.jpg
752,753,43,frames/seq_000753.jpg
753,754,39,frames/seq_000754.jpg
754,755,43,frames/seq_000755.jpg
755,756,45,frames/seq_000756.jpg
756,757,46,frames/seq_000757.jpg
757,758,48,frames/seq_000758.jpg
758,759,43,frames/seq_000759.jpg
759,760,43,frames/seq_000760.jpg
760,761,45,frames/seq_000761.jpg
761,762,48,frames/seq_000762.jpg
762,763,49,frames/seq_000763.jpg
763,764,49,frames/seq_000764.jpg
764,765,50,frames/seq_000765.jpg
765,766,46,frames/seq_000766.jpg
766,767,47,frames/seq_000767.jpg
767,768,49,frames/seq_000768.jpg
768,769,42,frames/seq_000769.jpg
769,770,35,frames/seq_000770.jpg
770,771,33,frames/seq_000771.jpg
771,772,32,frames/seq_000772.jpg
772,773,31,frames/seq_000773.jpg
773,774,34,frames/seq_000774.jpg
774,775,34,frames/seq_000775.jpg
775,776,37,frames/seq_000776.jpg
776,777,37,frames/seq_000777.jpg
777,778,31,frames/seq_000778.jpg
778,779,33,frames/seq_000779.jpg
779,780,29,frames/seq_000780.jpg
780,781,29,frames/seq_000781.jpg
781,782,27,frames/seq_000782.jpg
782,783,28,frames/seq_000783.jpg
783,784,28,frames/seq_000784.jpg
784,785,28,frames/seq_000785.jpg
785,786,27,frames/seq_000786.jpg
786,787,28,frames/seq_000787.jpg
787,788,27,frames/seq_000788.jpg
788,789,29,frames/seq_000789.jpg
789,790,29,frames/seq_000790.jpg
790,791,30,frames/seq_000791.jpg
791,792,32,frames/seq_000792.jpg
792,793,31,frames/seq_000793.jpg
793,794,30,frames/seq_000794.jpg
794,795,28,frames/seq_000795.jpg
795,796,28,frames/seq_000796.jpg
796,797,27,frames/seq_000797.jpg
797,798,26,frames/seq_000798.jpg
798,799,28,frames/seq_000799.jpg
799,800,33,frames/seq_000800.jpg
800,801,34,frames/seq_000801.jpg
801,802,34,frames/seq_000802.jpg
802,803,29,frames/seq_000803.jpg
803,804,30,frames/seq_000804.jpg
804,805,33,frames/seq_000805.jpg
805,806,30,frames/seq_000806.jpg
806,807,27,frames/seq_000807.jpg
807,808,26,frames/seq_000808.jpg
808,809,28,frames/seq_000809.jpg
809,810,26,frames/seq_000810.jpg
810,811,26,frames/seq_000811.jpg
811,812,27,frames/seq_000812.jpg
812,813,28,frames/seq_000813.jpg
813,814,30,frames/seq_000814.jpg
814,815,30,frames/seq_000815.jpg
815,816,26,frames/seq_000816.jpg
816,817,29,frames/seq_000817.jpg
817,818,26,frames/seq_000818.jpg
818,819,27,frames/seq_000819.jpg
819,820,33,frames/seq_000820.jpg
820,821,37,frames/seq_000821.jpg
821,822,34,frames/seq_000822.jpg
822,823,36,frames/seq_000823.jpg
823,824,34,frames/seq_000824.jpg
824,825,33,frames/seq_000825.jpg
825,826,32,frames/seq_000826.jpg
826,827,32,frames/seq_000827.jpg
827,828,33,frames/seq_000828.jpg
828,829,31,frames/seq_000829.jpg
829,830,33,frames/seq_000830.jpg
830,831,34,frames/seq_000831.jpg
831,832,35,frames/seq_000832.jpg
832,833,32,frames/seq_000833.jpg
833,834,28,frames/seq_000834.jpg
834,835,22,frames/seq_000835.jpg
835,836,25,frames/seq_000836.jpg
836,837,26,frames/seq_000837.jpg
837,838,32,frames/seq_000838.jpg
838,839,32,frames/seq_000839.jpg
839,840,31,frames/seq_000840.jpg
840,841,32,frames/seq_000841.jpg
841,842,32,frames/seq_000842.jpg
842,843,27,frames/seq_000843.jpg
843,844,27,frames/seq_000844.jpg
844,845,25,frames/seq_000845.jpg
845,846,23,frames/seq_000846.jpg
846,847,21,frames/seq_000847.jpg
847,848,23,frames/seq_000848.jpg
848,849,23,frames/seq_000849.jpg
849,850,25,frames/seq_000850.jpg
850,851,24,frames/seq_000851.jpg
851,852,24,frames/seq_000852.jpg
852,853,24,frames/seq_000853.jpg
853,854,21,frames/seq_000854.jpg
854,855,22,frames/seq_000855.jpg
855,856,22,frames/seq_000856.jpg
856,857,21,frames/seq_000857.jpg
857,858,23,frames/seq_000858.jpg
858,859,25,frames/seq_000859.jpg
859,860,23,frames/seq_000860.jpg
860,861,23,frames/seq_000861.jpg
861,862,25,frames/seq_000862.jpg
862,863,25,frames/seq_000863.jpg
863,864,24,frames/seq_000864.jpg
864,865,21,frames/seq_000865.jpg
865,866,21,frames/seq_000866.jpg
866,867,22,frames/seq_000867.jpg
867,868,22,frames/seq_000868.jpg
868,869,23,frames/seq_000869.jpg
869,870,23,frames/seq_000870.jpg
870,871,23,frames/seq_000871.jpg
871,872,27,frames/seq_000872.jpg
872,873,29,frames/seq_000873.jpg
873,874,27,frames/seq_000874.jpg
874,875,28,frames/seq_000875.jpg
875,876,28,frames/seq_000876.jpg
876,877,30,frames/seq_000877.jpg
877,878,31,frames/seq_000878.jpg
878,879,28,frames/seq_000879.jpg
879,880,32,frames/seq_000880.jpg
880,881,29,frames/seq_000881.jpg
881,882,28,frames/seq_000882.jpg
882,883,28,frames/seq_000883.jpg
883,884,24,frames/seq_000884.jpg
884,885,25,frames/seq_000885.jpg
885,886,25,frames/seq_000886.jpg
886,887,22,frames/seq_000887.jpg
887,888,22,frames/seq_000888.jpg
888,889,22,frames/seq_000889.jpg
889,890,23,frames/seq_000890.jpg
890,891,25,frames/seq_000891.jpg
891,892,27,frames/seq_000892.jpg
892,893,30,frames/seq_000893.jpg
893,894,29,frames/seq_000894.jpg
894,895,32,frames/seq_000895.jpg
895,896,36,frames/seq_000896.jpg
896,897,40,frames/seq_000897.jpg
897,898,41,frames/seq_000898.jpg
898,899,42,frames/seq_000899.jpg
899,900,41,frames/seq_000900.jpg
900,901,45,frames/seq_000901.jpg
901,902,46,frames/seq_000902.jpg
902,903,45,frames/seq_000903.jpg
903,904,45,frames/seq_000904.jpg
904,905,43,frames/seq_000905.jpg
905,906,42,frames/seq_000906.jpg
906,907,41,frames/seq_000907.jpg
907,908,41,frames/seq_000908.jpg
908,909,42,frames/seq_000909.jpg
909,910,41,frames/seq_000910.jpg
910,911,42,frames/seq_000911.jpg
911,912,42,frames/seq_000912.jpg
912,913,42,frames/seq_000913.jpg
913,914,41,frames/seq_000914.jpg
914,915,36,frames/seq_000915.jpg
915,916,32,frames/seq_000916.jpg
916,917,31,frames/seq_000917.jpg
917,918,35,frames/seq_000918.jpg
918,919,38,frames/seq_000919.jpg
919,920,35,frames/seq_000920.jpg
920,921,32,frames/seq_000921.jpg
921,922,34,frames/seq_000922.jpg
922,923,38,frames/seq_000923.jpg
923,924,40,frames/seq_000924.jpg
924,925,40,frames/seq_000925.jpg
925,926,40,frames/seq_000926.jpg
926,927,43,frames/seq_000927.jpg
927,928,38,frames/seq_000928.jpg
928,929,42,frames/seq_000929.jpg
929,930,42,frames/seq_000930.jpg
930,931,36,frames/seq_000931.jpg
931,932,33,frames/seq_000932.jpg
932,933,32,frames/seq_000933.jpg
933,934,35,frames/seq_000934.jpg
934,935,36,frames/seq_000935.jpg
935,936,34,frames/seq_000936.jpg
936,937,29,frames/seq_000937.jpg
937,938,31,frames/seq_000938.jpg
938,939,31,frames/seq_000939.jpg
939,940,28,frames/seq_000940.jpg
940,941,26,frames/seq_000941.jpg
941,942,25,frames/seq_000942.jpg
942,943,25,frames/seq_000943.jpg
943,944,26,frames/seq_000944.jpg
944,945,31,frames/seq_000945.jpg
945,946,26,frames/seq_000946.jpg
946,947,30,frames/seq_000947.jpg
947,948,30,frames/seq_000948.jpg
948,949,32,frames/seq_000949.jpg
949,950,33,frames/seq_000950.jpg
950,951,32,frames/seq_000951.jpg
951,952,34,frames/seq_000952.jpg
952,953,37,frames/seq_000953.jpg
953,954,34,frames/seq_000954.jpg
954,955,33,frames/seq_000955.jpg
955,956,32,frames/seq_000956.jpg
956,957,32,frames/seq_000957.jpg
957,958,33,frames/seq_000958.jpg
958,959,31,frames/seq_000959.jpg
959,960,30,frames/seq_000960.jpg
960,961,34,frames/seq_000961.jpg
961,962,31,frames/seq_000962.jpg
962,963,31,frames/seq_000963.jpg
963,964,30,frames/seq_000964.jpg
964,965,29,frames/seq_000965.jpg
965,966,28,frames/seq_000966.jpg
966,967,32,frames/seq_000967.jpg
967,968,30,frames/seq_000968.jpg
968,969,32,frames/seq_000969.jpg
969,970,31,frames/seq_000970.jpg
970,971,32,frames/seq_000971.jpg
971,972,32,frames/seq_000972.jpg
972,973,34,frames/seq_000973.jpg
973,974,35,frames/seq_000974.jpg
974,975,35,frames/seq_000975.jpg
975,976,32,frames/seq_000976.jpg
976,977,35,frames/seq_000977.jpg
977,978,37,frames/seq_000978.jpg
978,979,37,frames/seq_000979.jpg
979,980,41,frames/seq_000980.jpg
980,981,39,frames/seq_000981.jpg
981,982,38,frames/seq_000982.jpg
982,983,39,frames/seq_000983.jpg
983,984,38,frames/seq_000984.jpg
984,985,43,frames/seq_000985.jpg
985,986,40,frames/seq_000986.jpg
986,987,45,frames/seq_000987.jpg
987,988,42,frames/seq_000988.jpg
988,989,48,frames/seq_000989.jpg
989,990,46,frames/seq_000990.jpg
990,991,46,frames/seq_000991.jpg
991,992,43,frames/seq_000992.jpg
992,993,42,frames/seq_000993.jpg
993,994,42,frames/seq_000994.jpg
994,995,44,frames/seq_000995.jpg
995,996,45,frames/seq_000996.jpg
996,997,43,frames/seq_000997.jpg
997,998,41,frames/seq_000998.jpg
998,999,42,frames/seq_000999.jpg
999,1000,41,frames/seq_001000.jpg
1000,1001,39,frames/seq_001001.jpg
1001,1002,39,frames/seq_001002.jpg
1002,1003,40,frames/seq_001003.jpg
1003,1004,36,frames/seq_001004.jpg
1004,1005,37,frames/seq_001005.jpg
1005,1006,38,frames/seq_001006.jpg
1006,1007,35,frames/seq_001007.jpg
1007,1008,36,frames/seq_001008.jpg
1008,1009,38,frames/seq_001009.jpg
1009,1010,38,frames/seq_001010.jpg
1010,1011,40,frames/seq_001011.jpg
1011,1012,42,frames/seq_001012.jpg
1012,1013,42,frames/seq_001013.jpg
1013,1014,43,frames/seq_001014.jpg
1014,1015,42,frames/seq_001015.jpg
1015,1016,41,frames/seq_001016.jpg
1016,1017,44,frames/seq_001017.jpg
1017,1018,41,frames/seq_001018.jpg
1018,1019,38,frames/seq_001019.jpg
1019,1020,41,frames/seq_001020.jpg
1020,1021,38,frames/seq_001021.jpg
1021,1022,34,frames/seq_001022.jpg
1022,1023,32,frames/seq_001023.jpg
1023,1024,30,frames/seq_001024.jpg
1024,1025,30,frames/seq_001025.jpg
1025,1026,29,frames/seq_001026.jpg
1026,1027,26,frames/seq_001027.jpg
1027,1028,32,frames/seq_001028.jpg
1028,1029,33,frames/seq_001029.jpg
1029,1030,34,frames/seq_001030.jpg
1030,1031,36,frames/seq_001031.jpg
1031,1032,36,frames/seq_001032.jpg
1032,1033,35,frames/seq_001033.jpg
1033,1034,34,frames/seq_001034.jpg
1034,1035,33,frames/seq_001035.jpg
1035,1036,36,frames/seq_001036.jpg
1036,1037,36,frames/seq_001037.jpg
1037,1038,33,frames/seq_001038.jpg
1038,1039,27,frames/seq_001039.jpg
1039,1040,26,frames/seq_001040.jpg
1040,1041,27,frames/seq_001041.jpg
1041,1042,25,frames/seq_001042.jpg
1042,1043,23,frames/seq_001043.jpg
1043,1044,22,frames/seq_001044.jpg
1044,1045,22,frames/seq_001045.jpg
1045,1046,22,frames/seq_001046.jpg
1046,1047,22,frames/seq_001047.jpg
1047,1048,24,frames/seq_001048.jpg
1048,1049,24,frames/seq_001049.jpg
1049,1050,26,frames/seq_001050.jpg
1050,1051,26,frames/seq_001051.jpg
1051,1052,30,frames/seq_001052.jpg
1052,1053,29,frames/seq_001053.jpg
1053,1054,31,frames/seq_001054.jpg
1054,1055,36,frames/seq_001055.jpg
1055,1056,36,frames/seq_001056.jpg
1056,1057,38,frames/seq_001057.jpg
1057,1058,38,frames/seq_001058.jpg
1058,1059,38,frames/seq_001059.jpg
1059,1060,37,frames/seq_001060.jpg
1060,1061,37,frames/seq_001061.jpg
1061,1062,38,frames/seq_001062.jpg
1062,1063,36,frames/seq_001063.jpg
1063,1064,37,frames/seq_001064.jpg
1064,1065,41,frames/seq_001065.jpg
1065,1066,39,frames/seq_001066.jpg
1066,1067,36,frames/seq_001067.jpg
1067,1068,33,frames/seq_001068.jpg
1068,1069,31,frames/seq_001069.jpg
1069,1070,33,frames/seq_001070.jpg
1070,1071,36,frames/seq_001071.jpg
1071,1072,32,frames/seq_001072.jpg
1072,1073,30,frames/seq_001073.jpg
1073,1074,31,frames/seq_001074.jpg
1074,1075,30,frames/seq_001075.jpg
1075,1076,29,frames/seq_001076.jpg
1076,1077,29,frames/seq_001077.jpg
1077,1078,30,frames/seq_001078.jpg
1078,1079,31,frames/seq_001079.jpg
1079,1080,28,frames/seq_001080.jpg
1080,1081,26,frames/seq_001081.jpg
1081,1082,27,frames/seq_001082.jpg
1082,1083,31,frames/seq_001083.jpg
1083,1084,30,frames/seq_001084.jpg
1084,1085,32,frames/seq_001085.jpg
1085,1086,32,frames/seq_001086.jpg
1086,1087,33,frames/seq_001087.jpg
1087,1088,30,frames/seq_001088.jpg
1088,1089,28,frames/seq_001089.jpg
1089,1090,29,frames/seq_001090.jpg
1090,1091,31,frames/seq_001091.jpg
1091,1092,29,frames/seq_001092.jpg
1092,1093,30,frames/seq_001093.jpg
1093,1094,32,frames/seq_001094.jpg
1094,1095,30,frames/seq_001095.jpg
1095,1096,29,frames/seq_001096.jpg
1096,1097,32,frames/seq_001097.jpg
1097,1098,33,frames/seq_001098.jpg
1098,1099,31,frames/seq_001099.jpg
1099,1100,32,frames/seq_001100.jpg
1100,1101,32,frames/seq_001101.jpg
1101,1102,34,frames/seq_001102.jpg
1102,1103,34,frames/seq_001103.jpg
1103,1104,36,frames/seq_001104.jpg
1104,1105,36,frames/seq_001105.jpg
1105,1106,34,frames/seq_001106.jpg
1106,1107,33,frames/seq_001107.jpg
1107,1108,30,frames/seq_001108.jpg
1108,1109,32,frames/seq_001109.jpg
1109,1110,36,frames/seq_001110.jpg
1110,1111,37,frames/seq_001111.jpg
1111,1112,35,frames/seq_001112.jpg
1112,1113,36,frames/seq_001113.jpg
1113,1114,31,frames/seq_001114.jpg
1114,1115,30,frames/seq_001115.jpg
1115,1116,28,frames/seq_001116.jpg
1116,1117,27,frames/seq_001117.jpg
1117,1118,26,frames/seq_001118.jpg
1118,1119,28,frames/seq_001119.jpg
1119,1120,30,frames/seq_001120.jpg
1120,1121,32,frames/seq_001121.jpg
1121,1122,31,frames/seq_001122.jpg
1122,1123,30,frames/seq_001123.jpg
1123,1124,30,frames/seq_001124.jpg
1124,1125,31,frames/seq_001125.jpg
1125,1126,31,frames/seq_001126.jpg
1126,1127,32,frames/seq_001127.jpg
1127,1128,32,frames/seq_001128.jpg
1128,1129,35,frames/seq_001129.jpg
1129,1130,29,frames/seq_001130.jpg
1130,1131,30,frames/seq_001131.jpg
1131,1132,33,frames/seq_001132.jpg
1132,1133,38,frames/seq_001133.jpg
1133,1134,36,frames/seq_001134.jpg
1134,1135,33,frames/seq_001135.jpg
1135,1136,34,frames/seq_001136.jpg
1136,1137,36,frames/seq_001137.jpg
1137,1138,39,frames/seq_001138.jpg
1138,1139,35,frames/seq_001139.jpg
1139,1140,37,frames/seq_001140.jpg
1140,1141,44,frames/seq_001141.jpg
1141,1142,41,frames/seq_001142.jpg
1142,1143,42,frames/seq_001143.jpg
1143,1144,40,frames/seq_001144.jpg
1144,1145,37,frames/seq_001145.jpg
1145,1146,40,frames/seq_001146.jpg
1146,1147,40,frames/seq_001147.jpg
1147,1148,37,frames/seq_001148.jpg
1148,1149,31,frames/seq_001149.jpg
1149,1150,33,frames/seq_001150.jpg
1150,1151,34,frames/seq_001151.jpg
1151,1152,33,frames/seq_001152.jpg
1152,1153,32,frames/seq_001153.jpg
1153,1154,32,frames/seq_001154.jpg
1154,1155,24,frames/seq_001155.jpg
1155,1156,26,frames/seq_001156.jpg
1156,1157,26,frames/seq_001157.jpg
1157,1158,26,frames/seq_001158.jpg
1158,1159,28,frames/seq_001159.jpg
1159,1160,31,frames/seq_001160.jpg
1160,1161,30,frames/seq_001161.jpg
1161,1162,33,frames/seq_001162.jpg
1162,1163,34,frames/seq_001163.jpg
1163,1164,34,frames/seq_001164.jpg
1164,1165,33,frames/seq_001165.jpg
1165,1166,32,frames/seq_001166.jpg
1166,1167,30,frames/seq_001167.jpg
1167,1168,31,frames/seq_001168.jpg
1168,1169,32,frames/seq_001169.jpg
1169,1170,31,frames/seq_001170.jpg
1170,1171,33,frames/seq_001171.jpg
1171,1172,38,frames/seq_001172.jpg
1172,1173,35,frames/seq_001173.jpg
1173,1174,44,frames/seq_001174.jpg
1174,1175,44,frames/seq_001175.jpg
1175,1176,47,frames/seq_001176.jpg
1176,1177,48,frames/seq_001177.jpg
1177,1178,43,frames/seq_001178.jpg
1178,1179,46,frames/seq_001179.jpg
1179,1180,43,frames/seq_001180.jpg
1180,1181,42,frames/seq_001181.jpg
1181,1182,45,frames/seq_001182.jpg
1182,1183,50,frames/seq_001183.jpg
1183,1184,49,frames/seq_001184.jpg
1184,1185,46,frames/seq_001185.jpg
1185,1186,45,frames/seq_001186.jpg
1186,1187,45,frames/seq_001187.jpg
1187,1188,47,frames/seq_001188.jpg
1188,1189,47,frames/seq_001189.jpg
1189,1190,44,frames/seq_001190.jpg
1190,1191,38,frames/seq_001191.jpg
1191,1192,38,frames/seq_001192.jpg
1192,1193,37,frames/seq_001193.jpg
1193,1194,35,frames/seq_001194.jpg
1194,1195,32,frames/seq_001195.jpg
1195,1196,27,frames/seq_001196.jpg
1196,1197,29,frames/seq_001197.jpg
1197,1198,29,frames/seq_001198.jpg
1198,1199,28,frames/seq_001199.jpg
1199,1200,29,frames/seq_001200.jpg
1200,1201,28,frames/seq_001201.jpg
1201,1202,28,frames/seq_001202.jpg
1202,1203,29,frames/seq_001203.jpg
1203,1204,31,frames/seq_001204.jpg
1204,1205,34,frames/seq_001205.jpg
1205,1206,35,frames/seq_001206.jpg
1206,1207,35,frames/seq_001207.jpg
1207,1208,35,frames/seq_001208.jpg
1208,1209,37,frames/seq_001209.jpg
1209,1210,40,frames/seq_001210.jpg
1210,1211,40,frames/seq_001211.jpg
1211,1212,38,frames/seq_001212.jpg
1212,1213,41,frames/seq_001213.jpg
1213,1214,36,frames/seq_001214.jpg
1214,1215,32,frames/seq_001215.jpg
1215,1216,35,frames/seq_001216.jpg
1216,1217,34,frames/seq_001217.jpg
1217,1218,32,frames/seq_001218.jpg
1218,1219,29,frames/seq_001219.jpg
1219,1220,27,frames/seq_001220.jpg
1220,1221,26,frames/seq_001221.jpg
1221,1222,28,frames/seq_001222.jpg
1222,1223,27,frames/seq_001223.jpg
1223,1224,27,frames/seq_001224.jpg
1224,1225,28,frames/seq_001225.jpg
1225,1226,28,frames/seq_001226.jpg
1226,1227,29,frames/seq_001227.jpg
1227,1228,29,frames/seq_001228.jpg
1228,1229,30,frames/seq_001229.jpg
1229,1230,30,frames/seq_001230.jpg
1230,1231,31,frames/seq_001231.jpg
1231,1232,33,frames/seq_001232.jpg
1232,1233,32,frames/seq_001233.jpg
1233,1234,36,frames/seq_001234.jpg
1234,1235,37,frames/seq_001235.jpg
1235,1236,34,frames/seq_001236.jpg
1236,1237,34,frames/seq_001237.jpg
1237,1238,37,frames/seq_001238.jpg
1238,1239,35,frames/seq_001239.jpg
1239,1240,35,frames/seq_001240.jpg
1240,1241,30,frames/seq_001241.jpg
1241,1242,32,frames/seq_001242.jpg
1242,1243,32,frames/seq_001243.jpg
1243,1244,34,frames/seq_001244.jpg
1244,1245,32,frames/seq_001245.jpg
1245,1246,31,frames/seq_001246.jpg
1246,1247,32,frames/seq_001247.jpg
1247,1248,27,frames/seq_001248.jpg
1248,1249,25,frames/seq_001249.jpg
1249,1250,30,frames/seq_001250.jpg
1250,1251,29,frames/seq_001251.jpg
1251,1252,28,frames/seq_001252.jpg
1252,1253,29,frames/seq_001253.jpg
1253,1254,31,frames/seq_001254.jpg
1254,1255,31,frames/seq_001255.jpg
1255,1256,32,frames/seq_001256.jpg
1256,1257,30,frames/seq_001257.jpg
1257,1258,24,frames/seq_001258.jpg
1258,1259,26,frames/seq_001259.jpg
1259,1260,24,frames/seq_001260.jpg
1260,1261,21,frames/seq_001261.jpg
1261,1262,24,frames/seq_001262.jpg
1262,1263,26,frames/seq_001263.jpg
1263,1264,30,frames/seq_001264.jpg
1264,1265,33,frames/seq_001265.jpg
1265,1266,37,frames/seq_001266.jpg
1266,1267,33,frames/seq_001267.jpg
1267,1268,31,frames/seq_001268.jpg
1268,1269,30,frames/seq_001269.jpg
1269,1270,29,frames/seq_001270.jpg
1270,1271,29,frames/seq_001271.jpg
1271,1272,34,frames/seq_001272.jpg
1272,1273,37,frames/seq_001273.jpg
1273,1274,33,frames/seq_001274.jpg
1274,1275,33,frames/seq_001275.jpg
1275,1276,28,frames/seq_001276.jpg
1276,1277,29,frames/seq_001277.jpg
1277,1278,25,frames/seq_001278.jpg
1278,1279,21,frames/seq_001279.jpg
1279,1280,20,frames/seq_001280.jpg
1280,1281,22,frames/seq_001281.jpg
1281,1282,24,frames/seq_001282.jpg
1282,1283,25,frames/seq_001283.jpg
1283,1284,24,frames/seq_001284.jpg
1284,1285,26,frames/seq_001285.jpg
1285,1286,26,frames/seq_001286.jpg
1286,1287,23,frames/seq_001287.jpg
1287,1288,26,frames/seq_001288.jpg
1288,1289,26,frames/seq_001289.jpg
1289,1290,25,frames/seq_001290.jpg
1290,1291,26,frames/seq_001291.jpg
1291,1292,27,frames/seq_001292.jpg
1292,1293,28,frames/seq_001293.jpg
1293,1294,29,frames/seq_001294.jpg
1294,1295,28,frames/seq_001295.jpg
1295,1296,27,frames/seq_001296.jpg
1296,1297,25,frames/seq_001297.jpg
1297,1298,25,frames/seq_001298.jpg
1298,1299,27,frames/seq_001299.jpg
1299,1300,29,frames/seq_001300.jpg
1300,1301,29,frames/seq_001301.jpg
1301,1302,29,frames/seq_001302.jpg
1302,1303,29,frames/seq_001303.jpg
1303,1304,30,frames/seq_001304.jpg
1304,1305,29,frames/seq_001305.jpg
1305,1306,29,frames/seq_001306.jpg
1306,1307,31,frames/seq_001307.jpg
1307,1308,25,frames/seq_001308.jpg
1308,1309,25,frames/seq_001309.jpg
1309,1310,27,frames/seq_001310.jpg
1310,1311,30,frames/seq_001311.jpg
1311,1312,30,frames/seq_001312.jpg
1312,1313,25,frames/seq_001313.jpg
1313,1314,25,frames/seq_001314.jpg
1314,1315,23,frames/seq_001315.jpg
1315,1316,21,frames/seq_001316.jpg
1316,1317,26,frames/seq_001317.jpg
1317,1318,27,frames/seq_001318.jpg
1318,1319,29,frames/seq_001319.jpg
1319,1320,28,frames/seq_001320.jpg
1320,1321,29,frames/seq_001321.jpg
1321,1322,30,frames/seq_001322.jpg
1322,1323,33,frames/seq_001323.jpg
1323,1324,36,frames/seq_001324.jpg
1324,1325,36,frames/seq_001325.jpg
1325,1326,39,frames/seq_001326.jpg
1326,1327,37,frames/seq_001327.jpg
1327,1328,42,frames/seq_001328.jpg
1328,1329,44,frames/seq_001329.jpg
1329,1330,45,frames/seq_001330.jpg
1330,1331,41,frames/seq_001331.jpg
1331,1332,42,frames/seq_001332.jpg
1332,1333,43,frames/seq_001333.jpg
1333,1334,45,frames/seq_001334.jpg
1334,1335,39,frames/seq_001335.jpg
1335,1336,42,frames/seq_001336.jpg
1336,1337,40,frames/seq_001337.jpg
1337,1338,33,frames/seq_001338.jpg
1338,1339,36,frames/seq_001339.jpg
1339,1340,38,frames/seq_001340.jpg
1340,1341,37,frames/seq_001341.jpg
1341,1342,35,frames/seq_001342.jpg
1342,1343,34,frames/seq_001343.jpg
1343,1344,36,frames/seq_001344.jpg
1344,1345,40,frames/seq_001345.jpg
1345,1346,41,frames/seq_001346.jpg
1346,1347,39,frames/seq_001347.jpg
1347,1348,41,frames/seq_001348.jpg
1348,1349,40,frames/seq_001349.jpg
1349,1350,37,frames/seq_001350.jpg
1350,1351,29,frames/seq_001351.jpg
1351,1352,28,frames/seq_001352.jpg
1352,1353,27,frames/seq_001353.jpg
1353,1354,31,frames/seq_001354.jpg
1354,1355,27,frames/seq_001355.jpg
1355,1356,23,frames/seq_001356.jpg
1356,1357,23,frames/seq_001357.jpg
1357,1358,27,frames/seq_001358.jpg
1358,1359,26,frames/seq_001359.jpg
1359,1360,27,frames/seq_001360.jpg
1360,1361,26,frames/seq_001361.jpg
1361,1362,27,frames/seq_001362.jpg
1362,1363,28,frames/seq_001363.jpg
1363,1364,29,frames/seq_001364.jpg
1364,1365,30,frames/seq_001365.jpg
1365,1366,31,frames/seq_001366.jpg
1366,1367,31,frames/seq_001367.jpg
1367,1368,30,frames/seq_001368.jpg
1368,1369,28,frames/seq_001369.jpg
1369,1370,28,frames/seq_001370.jpg
1370,1371,28,frames/seq_001371.jpg
1371,1372,27,frames/seq_001372.jpg
1372,1373,29,frames/seq_001373.jpg
1373,1374,30,frames/seq_001374.jpg
1374,1375,29,frames/seq_001375.jpg
1375,1376,27,frames/seq_001376.jpg
1376,1377,29,frames/seq_001377.jpg
1377,1378,28,frames/seq_001378.jpg
1378,1379,27,frames/seq_001379.jpg
1379,1380,27,frames/seq_001380.jpg
1380,1381,32,frames/seq_001381.jpg
1381,1382,31,frames/seq_001382.jpg
1382,1383,30,frames/seq_001383.jpg
1383,1384,28,frames/seq_001384.jpg
1384,1385,23,frames/seq_001385.jpg
1385,1386,23,frames/seq_001386.jpg
1386,1387,23,frames/seq_001387.jpg
1387,1388,22,frames/seq_001388.jpg
1388,1389,29,frames/seq_001389.jpg
1389,1390,34,frames/seq_001390.jpg
1390,1391,34,frames/seq_001391.jpg
1391,1392,33,frames/seq_001392.jpg
1392,1393,38,frames/seq_001393.jpg
1393,1394,39,frames/seq_001394.jpg
1394,1395,37,frames/seq_001395.jpg
1395,1396,37,frames/seq_001396.jpg
1396,1397,36,frames/seq_001397.jpg
1397,1398,32,frames/seq_001398.jpg
1398,1399,35,frames/seq_001399.jpg
1399,1400,35,frames/seq_001400.jpg
1400,1401,35,frames/seq_001401.jpg
1401,1402,30,frames/seq_001402.jpg
1402,1403,29,frames/seq_001403.jpg
1403,1404,30,frames/seq_001404.jpg
1404,1405,27,frames/seq_001405.jpg
1405,1406,28,frames/seq_001406.jpg
1406,1407,28,frames/seq_001407.jpg
1407,1408,27,frames/seq_001408.jpg
1408,1409,25,frames/seq_001409.jpg
1409,1410,24,frames/seq_001410.jpg
1410,1411,24,frames/seq_001411.jpg
1411,1412,25,frames/seq_001412.jpg
1412,1413,24,frames/seq_001413.jpg
1413,1414,25,frames/seq_001414.jpg
1414,1415,23,frames/seq_001415.jpg
1415,1416,24,frames/seq_001416.jpg
1416,1417,29,frames/seq_001417.jpg
1417,1418,28,frames/seq_001418.jpg
1418,1419,30,frames/seq_001419.jpg
1419,1420,27,frames/seq_001420.jpg
1420,1421,29,frames/seq_001421.jpg
1421,1422,33,frames/seq_001422.jpg
1422,1423,29,frames/seq_001423.jpg
1423,1424,35,frames/seq_001424.jpg
1424,1425,37,frames/seq_001425.jpg
1425,1426,37,frames/seq_001426.jpg
1426,1427,33,frames/seq_001427.jpg
1427,1428,35,frames/seq_001428.jpg
1428,1429,34,frames/seq_001429.jpg
1429,1430,37,frames/seq_001430.jpg
1430,1431,35,frames/seq_001431.jpg
1431,1432,34,frames/seq_001432.jpg
1432,1433,35,frames/seq_001433.jpg
1433,1434,38,frames/seq_001434.jpg
1434,1435,33,frames/seq_001435.jpg
1435,1436,29,frames/seq_001436.jpg
1436,1437,31,frames/seq_001437.jpg
1437,1438,30,frames/seq_001438.jpg
1438,1439,29,frames/seq_001439.jpg
1439,1440,28,frames/seq_001440.jpg
1440,1441,30,frames/seq_001441.jpg
1441,1442,30,frames/seq_001442.jpg
1442,1443,31,frames/seq_001443.jpg
1443,1444,34,frames/seq_001444.jpg
1444,1445,30,frames/seq_001445.jpg
1445,1446,30,frames/seq_001446.jpg
1446,1447,27,frames/seq_001447.jpg
1447,1448,27,frames/seq_001448.jpg
1448,1449,30,frames/seq_001449.jpg
1449,1450,28,frames/seq_001450.jpg
1450,1451,31,frames/seq_001451.jpg
1451,1452,34,frames/seq_001452.jpg
1452,1453,37,frames/seq_001453.jpg
1453,1454,35,frames/seq_001454.jpg
1454,1455,35,frames/seq_001455.jpg
1455,1456,34,frames/seq_001456.jpg
1456,1457,35,frames/seq_001457.jpg
1457,1458,34,frames/seq_001458.jpg
1458,1459,32,frames/seq_001459.jpg
1459,1460,30,frames/seq_001460.jpg
1460,1461,32,frames/seq_001461.jpg
1461,1462,32,frames/seq_001462.jpg
1462,1463,32,frames/seq_001463.jpg
1463,1464,30,frames/seq_001464.jpg
1464,1465,35,frames/seq_001465.jpg
1465,1466,34,frames/seq_001466.jpg
1466,1467,35,frames/seq_001467.jpg
1467,1468,34,frames/seq_001468.jpg
1468,1469,31,frames/seq_001469.jpg
1469,1470,27,frames/seq_001470.jpg
1470,1471,21,frames/seq_001471.jpg
1471,1472,24,frames/seq_001472.jpg
1472,1473,23,frames/seq_001473.jpg
1473,1474,20,frames/seq_001474.jpg
1474,1475,20,frames/seq_001475.jpg
1475,1476,19,frames/seq_001476.jpg
1476,1477,18,frames/seq_001477.jpg
1477,1478,19,frames/seq_001478.jpg
1478,1479,21,frames/seq_001479.jpg
1479,1480,22,frames/seq_001480.jpg
1480,1481,22,frames/seq_001481.jpg
1481,1482,23,frames/seq_001482.jpg
1482,1483,22,frames/seq_001483.jpg
1483,1484,25,frames/seq_001484.jpg
1484,1485,24,frames/seq_001485.jpg
1485,1486,24,frames/seq_001486.jpg
1486,1487,25,frames/seq_001487.jpg
1487,1488,26,frames/seq_001488.jpg
1488,1489,28,frames/seq_001489.jpg
1489,1490,31,frames/seq_001490.jpg
1490,1491,28,frames/seq_001491.jpg
1491,1492,29,frames/seq_001492.jpg
1492,1493,29,frames/seq_001493.jpg
1493,1494,26,frames/seq_001494.jpg
1494,1495,28,frames/seq_001495.jpg
1495,1496,28,frames/seq_001496.jpg
1496,1497,25,frames/seq_001497.jpg
1497,1498,26,frames/seq_001498.jpg
1498,1499,24,frames/seq_001499.jpg
1499,1500,22,frames/seq_001500.jpg
1500,1501,22,frames/seq_001501.jpg
1501,1502,23,frames/seq_001502.jpg
1502,1503,19,frames/seq_001503.jpg
1503,1504,19,frames/seq_001504.jpg
1504,1505,17,frames/seq_001505.jpg
1505,1506,18,frames/seq_001506.jpg
1506,1507,20,frames/seq_001507.jpg
1507,1508,20,frames/seq_001508.jpg
1508,1509,20,frames/seq_001509.jpg
1509,1510,19,frames/seq_001510.jpg
1510,1511,19,frames/seq_001511.jpg
1511,1512,22,frames/seq_001512.jpg
1512,1513,22,frames/seq_001513.jpg
1513,1514,21,frames/seq_001514.jpg
1514,1515,25,frames/seq_001515.jpg
1515,1516,28,frames/seq_001516.jpg
1516,1517,30,frames/seq_001517.jpg
1517,1518,29,frames/seq_001518.jpg
1518,1519,26,frames/seq_001519.jpg
1519,1520,27,frames/seq_001520.jpg
1520,1521,27,frames/seq_001521.jpg
1521,1522,30,frames/seq_001522.jpg
1522,1523,27,frames/seq_001523.jpg
1523,1524,29,frames/seq_001524.jpg
1524,1525,26,frames/seq_001525.jpg
1525,1526,28,frames/seq_001526.jpg
1526,1527,27,frames/seq_001527.jpg
1527,1528,25,frames/seq_001528.jpg
1528,1529,23,frames/seq_001529.jpg
1529,1530,23,frames/seq_001530.jpg
1530,1531,26,frames/seq_001531.jpg
1531,1532,27,frames/seq_001532.jpg
1532,1533,25,frames/seq_001533.jpg
1533,1534,35,frames/seq_001534.jpg
1534,1535,36,frames/seq_001535.jpg
1535,1536,35,frames/seq_001536.jpg
1536,1537,33,frames/seq_001537.jpg
1537,1538,34,frames/seq_001538.jpg
1538,1539,31,frames/seq_001539.jpg
1539,1540,33,frames/seq_001540.jpg
1540,1541,34,frames/seq_001541.jpg
1541,1542,38,frames/seq_001542.jpg
1542,1543,38,frames/seq_001543.jpg
1543,1544,37,frames/seq_001544.jpg
1544,1545,39,frames/seq_001545.jpg
1545,1546,38,frames/seq_001546.jpg
1546,1547,38,frames/seq_001547.jpg
1547,1548,38,frames/seq_001548.jpg
1548,1549,36,frames/seq_001549.jpg
1549,1550,41,frames/seq_001550.jpg
1550,1551,41,frames/seq_001551.jpg
1551,1552,40,frames/seq_001552.jpg
1552,1553,37,frames/seq_001553.jpg
1553,1554,38,frames/seq_001554.jpg
1554,1555,36,frames/seq_001555.jpg
1555,1556,37,frames/seq_001556.jpg
1556,1557,35,frames/seq_001557.jpg
1557,1558,31,frames/seq_001558.jpg
1558,1559,34,frames/seq_001559.jpg
1559,1560,32,frames/seq_001560.jpg
1560,1561,35,frames/seq_001561.jpg
1561,1562,34,frames/seq_001562.jpg
1562,1563,37,frames/seq_001563.jpg
1563,1564,35,frames/seq_001564.jpg
1564,1565,30,frames/seq_001565.jpg
1565,1566,30,frames/seq_001566.jpg
1566,1567,33,frames/seq_001567.jpg
1567,1568,37,frames/seq_001568.jpg
1568,1569,39,frames/seq_001569.jpg
1569,1570,36,frames/seq_001570.jpg
1570,1571,39,frames/seq_001571.jpg
1571,1572,40,frames/seq_001572.jpg
1572,1573,40,frames/seq_001573.jpg
1573,1574,38,frames/seq_001574.jpg
1574,1575,45,frames/seq_001575.jpg
1575,1576,48,frames/seq_001576.jpg
1576,1577,42,frames/seq_001577.jpg
1577,1578,36,frames/seq_001578.jpg
1578,1579,39,frames/seq_001579.jpg
1579,1580,39,frames/seq_001580.jpg
1580,1581,37,frames/seq_001581.jpg
1581,1582,33,frames/seq_001582.jpg
1582,1583,31,frames/seq_001583.jpg
1583,1584,33,frames/seq_001584.jpg
1584,1585,34,frames/seq_001585.jpg
1585,1586,32,frames/seq_001586.jpg
1586,1587,32,frames/seq_001587.jpg
1587,1588,29,frames/seq_001588.jpg
1588,1589,29,frames/seq_001589.jpg
1589,1590,32,frames/seq_001590.jpg
1590,1591,31,frames/seq_001591.jpg
1591,1592,26,frames/seq_001592.jpg
1592,1593,28,frames/seq_001593.jpg
1593,1594,29,frames/seq_001594.jpg
1594,1595,28,frames/seq_001595.jpg
1595,1596,31,frames/seq_001596.jpg
1596,1597,30,frames/seq_001597.jpg
1597,1598,37,frames/seq_001598.jpg
1598,1599,37,frames/seq_001599.jpg
1599,1600,35,frames/seq_001600.jpg
1600,1601,34,frames/seq_001601.jpg
1601,1602,31,frames/seq_001602.jpg
1602,1603,32,frames/seq_001603.jpg
1603,1604,35,frames/seq_001604.jpg
1604,1605,32,frames/seq_001605.jpg
1605,1606,34,frames/seq_001606.jpg
1606,1607,37,frames/seq_001607.jpg
1607,1608,39,frames/seq_001608.jpg
1608,1609,40,frames/seq_001609.jpg
1609,1610,45,frames/seq_001610.jpg
1610,1611,45,frames/seq_001611.jpg
1611,1612,45,frames/seq_001612.jpg
1612,1613,47,frames/seq_001613.jpg
1613,1614,47,frames/seq_001614.jpg
1614,1615,44,frames/seq_001615.jpg
1615,1616,41,frames/seq_001616.jpg
1616,1617,38,frames/seq_001617.jpg
1617,1618,43,frames/seq_001618.jpg
1618,1619,43,frames/seq_001619.jpg
1619,1620,42,frames/seq_001620.jpg
1620,1621,39,frames/seq_001621.jpg
1621,1622,37,frames/seq_001622.jpg
1622,1623,37,frames/seq_001623.jpg
1623,1624,34,frames/seq_001624.jpg
1624,1625,34,frames/seq_001625.jpg
1625,1626,34,frames/seq_001626.jpg
1626,1627,33,frames/seq_001627.jpg
1627,1628,33,frames/seq_001628.jpg
1628,1629,31,frames/seq_001629.jpg
1629,1630,33,frames/seq_001630.jpg
1630,1631,29,frames/seq_001631.jpg
1631,1632,27,frames/seq_001632.jpg
1632,1633,27,frames/seq_001633.jpg
1633,1634,28,frames/seq_001634.jpg
1634,1635,33,frames/seq_001635.jpg
1635,1636,34,frames/seq_001636.jpg
1636,1637,37,frames/seq_001637.jpg
1637,1638,34,frames/seq_001638.jpg
1638,1639,39,frames/seq_001639.jpg
1639,1640,34,frames/seq_001640.jpg
1640,1641,39,frames/seq_001641.jpg
1641,1642,37,frames/seq_001642.jpg
1642,1643,33,frames/seq_001643.jpg
1643,1644,37,frames/seq_001644.jpg
1644,1645,42,frames/seq_001645.jpg
1645,1646,39,frames/seq_001646.jpg
1646,1647,40,frames/seq_001647.jpg
1647,1648,39,frames/seq_001648.jpg
1648,1649,38,frames/seq_001649.jpg
1649,1650,41,frames/seq_001650.jpg
1650,1651,40,frames/seq_001651.jpg
1651,1652,43,frames/seq_001652.jpg
1652,1653,42,frames/seq_001653.jpg
1653,1654,45,frames/seq_001654.jpg
1654,1655,45,frames/seq_001655.jpg
1655,1656,47,frames/seq_001656.jpg
1656,1657,45,frames/seq_001657.jpg
1657,1658,46,frames/seq_001658.jpg
1658,1659,46,frames/seq_001659.jpg
1659,1660,44,frames/seq_001660.jpg
1660,1661,38,frames/seq_001661.jpg
1661,1662,34,frames/seq_001662.jpg
1662,1663,32,frames/seq_001663.jpg
1663,1664,33,frames/seq_001664.jpg
1664,1665,32,frames/seq_001665.jpg
1665,1666,28,frames/seq_001666.jpg
1666,1667,25,frames/seq_001667.jpg
1667,1668,23,frames/seq_001668.jpg
1668,1669,22,frames/seq_001669.jpg
1669,1670,23,frames/seq_001670.jpg
1670,1671,25,frames/seq_001671.jpg
1671,1672,26,frames/seq_001672.jpg
1672,1673,29,frames/seq_001673.jpg
1673,1674,29,frames/seq_001674.jpg
1674,1675,30,frames/seq_001675.jpg
1675,1676,30,frames/seq_001676.jpg
1676,1677,29,frames/seq_001677.jpg
1677,1678,31,frames/seq_001678.jpg
1678,1679,30,frames/seq_001679.jpg
1679,1680,32,frames/seq_001680.jpg
1680,1681,34,frames/seq_001681.jpg
1681,1682,33,frames/seq_001682.jpg
1682,1683,33,frames/seq_001683.jpg
1683,1684,32,frames/seq_001684.jpg
1684,1685,30,frames/seq_001685.jpg
1685,1686,28,frames/seq_001686.jpg
1686,1687,30,frames/seq_001687.jpg
1687,1688,36,frames/seq_001688.jpg
1688,1689,35,frames/seq_001689.jpg
1689,1690,35,frames/seq_001690.jpg
1690,1691,30,frames/seq_001691.jpg
1691,1692,29,frames/seq_001692.jpg
1692,1693,29,frames/seq_001693.jpg
1693,1694,32,frames/seq_001694.jpg
1694,1695,34,frames/seq_001695.jpg
1695,1696,35,frames/seq_001696.jpg
1696,1697,31,frames/seq_001697.jpg
1697,1698,29,frames/seq_001698.jpg
1698,1699,28,frames/seq_001699.jpg
1699,1700,27,frames/seq_001700.jpg
1700,1701,31,frames/seq_001701.jpg
1701,1702,29,frames/seq_001702.jpg
1702,1703,36,frames/seq_001703.jpg
1703,1704,35,frames/seq_001704.jpg
1704,1705,37,frames/seq_001705.jpg
1705,1706,30,frames/seq_001706.jpg
1706,1707,32,frames/seq_001707.jpg
1707,1708,33,frames/seq_001708.jpg
1708,1709,37,frames/seq_001709.jpg
1709,1710,37,frames/seq_001710.jpg
1710,1711,33,frames/seq_001711.jpg
1711,1712,40,frames/seq_001712.jpg
1712,1713,43,frames/seq_001713.jpg
1713,1714,43,frames/seq_001714.jpg
1714,1715,42,frames/seq_001715.jpg
1715,1716,45,frames/seq_001716.jpg
1716,1717,44,frames/seq_001717.jpg
1717,1718,41,frames/seq_001718.jpg
1718,1719,45,frames/seq_001719.jpg
1719,1720,43,frames/seq_001720.jpg
1720,1721,40,frames/seq_001721.jpg
1721,1722,40,frames/seq_001722.jpg
1722,1723,44,frames/seq_001723.jpg
1723,1724,44,frames/seq_001724.jpg
1724,1725,44,frames/seq_001725.jpg
1725,1726,44,frames/seq_001726.jpg
1726,1727,44,frames/seq_001727.jpg
1727,1728,41,frames/seq_001728.jpg
1728,1729,45,frames/seq_001729.jpg
1729,1730,48,frames/seq_001730.jpg
1730,1731,47,frames/seq_001731.jpg
1731,1732,44,frames/seq_001732.jpg
1732,1733,38,frames/seq_001733.jpg
1733,1734,43,frames/seq_001734.jpg
1734,1735,39,frames/seq_001735.jpg
1735,1736,40,frames/seq_001736.jpg
1736,1737,38,frames/seq_001737.jpg
1737,1738,34,frames/seq_001738.jpg
1738,1739,37,frames/seq_001739.jpg
1739,1740,35,frames/seq_001740.jpg
1740,1741,33,frames/seq_001741.jpg
1741,1742,36,frames/seq_001742.jpg
1742,1743,32,frames/seq_001743.jpg
1743,1744,27,frames/seq_001744.jpg
1744,1745,29,frames/seq_001745.jpg
1745,1746,27,frames/seq_001746.jpg
1746,1747,30,frames/seq_001747.jpg
1747,1748,28,frames/seq_001748.jpg
1748,1749,31,frames/seq_001749.jpg
1749,1750,28,frames/seq_001750.jpg
1750,1751,28,frames/seq_001751.jpg
1751,1752,27,frames/seq_001752.jpg
1752,1753,28,frames/seq_001753.jpg
1753,1754,32,frames/seq_001754.jpg
1754,1755,30,frames/seq_001755.jpg
1755,1756,32,frames/seq_001756.jpg
1756,1757,30,frames/seq_001757.jpg
1757,1758,30,frames/seq_001758.jpg
1758,1759,26,frames/seq_001759.jpg
1759,1760,26,frames/seq_001760.jpg
1760,1761,23,frames/seq_001761.jpg
1761,1762,25,frames/seq_001762.jpg
1762,1763,27,frames/seq_001763.jpg
1763,1764,26,frames/seq_001764.jpg
1764,1765,25,frames/seq_001765.jpg
1765,1766,24,frames/seq_001766.jpg
1766,1767,22,frames/seq_001767.jpg
1767,1768,20,frames/seq_001768.jpg
1768,1769,20,frames/seq_001769.jpg
1769,1770,20,frames/seq_001770.jpg
1770,1771,21,frames/seq_001771.jpg
1771,1772,21,frames/seq_001772.jpg
1772,1773,26,frames/seq_001773.jpg
1773,1774,27,frames/seq_001774.jpg
1774,1775,30,frames/seq_001775.jpg
1775,1776,30,frames/seq_001776.jpg
1776,1777,34,frames/seq_001777.jpg
1777,1778,29,frames/seq_001778.jpg
1778,1779,30,frames/seq_001779.jpg
1779,1780,29,frames/seq_001780.jpg
1780,1781,31,frames/seq_001781.jpg
1781,1782,35,frames/seq_001782.jpg
1782,1783,34,frames/seq_001783.jpg
1783,1784,36,frames/seq_001784.jpg
1784,1785,37,frames/seq_001785.jpg
1785,1786,38,frames/seq_001786.jpg
1786,1787,31,frames/seq_001787.jpg
1787,1788,28,frames/seq_001788.jpg
1788,1789,27,frames/seq_001789.jpg
1789,1790,25,frames/seq_001790.jpg
1790,1791,27,frames/seq_001791.jpg
1791,1792,27,frames/seq_001792.jpg
1792,1793,32,frames/seq_001793.jpg
1793,1794,31,frames/seq_001794.jpg
1794,1795,26,frames/seq_001795.jpg
1795,1796,25,frames/seq_001796.jpg
1796,1797,28,frames/seq_001797.jpg
1797,1798,28,frames/seq_001798.jpg
1798,1799,30,frames/seq_001799.jpg
1799,1800,33,frames/seq_001800.jpg
1800,1801,31,frames/seq_001801.jpg
1801,1802,34,frames/seq_001802.jpg
1802,1803,29,frames/seq_001803.jpg
1803,1804,32,frames/seq_001804.jpg
1804,1805,31,frames/seq_001805.jpg
1805,1806,30,frames/seq_001806.jpg
1806,1807,30,frames/seq_001807.jpg
1807,1808,29,frames/seq_001808.jpg
1808,1809,33,frames/seq_001809.jpg
1809,1810,39,frames/seq_001810.jpg
1810,1811,41,frames/seq_001811.jpg
1811,1812,39,frames/seq_001812.jpg
1812,1813,37,frames/seq_001813.jpg
1813,1814,38,frames/seq_001814.jpg
1814,1815,34,frames/seq_001815.jpg
1815,1816,33,frames/seq_001816.jpg
1816,1817,32,frames/seq_001817.jpg
1817,1818,30,frames/seq_001818.jpg
1818,1819,33,frames/seq_001819.jpg
1819,1820,35,frames/seq_001820.jpg
1820,1821,37,frames/seq_001821.jpg
1821,1822,35,frames/seq_001822.jpg
1822,1823,36,frames/seq_001823.jpg
1823,1824,34,frames/seq_001824.jpg
1824,1825,33,frames/seq_001825.jpg
1825,1826,32,frames/seq_001826.jpg
1826,1827,32,frames/seq_001827.jpg
1827,1828,32,frames/seq_001828.jpg
1828,1829,35,frames/seq_001829.jpg
1829,1830,35,frames/seq_001830.jpg
1830,1831,36,frames/seq_001831.jpg
1831,1832,35,frames/seq_001832.jpg
1832,1833,31,frames/seq_001833.jpg
1833,1834,32,frames/seq_001834.jpg
1834,1835,31,frames/seq_001835.jpg
1835,1836,30,frames/seq_001836.jpg
1836,1837,32,frames/seq_001837.jpg
1837,1838,34,frames/seq_001838.jpg
1838,1839,37,frames/seq_001839.jpg
1839,1840,39,frames/seq_001840.jpg
1840,1841,40,frames/seq_001841.jpg
1841,1842,37,frames/seq_001842.jpg
1842,1843,39,frames/seq_001843.jpg
1843,1844,43,frames/seq_001844.jpg
1844,1845,37,frames/seq_001845.jpg
1845,1846,37,frames/seq_001846.jpg
1846,1847,36,frames/seq_001847.jpg
1847,1848,41,frames/seq_001848.jpg
1848,1849,44,frames/seq_001849.jpg
1849,1850,45,frames/seq_001850.jpg
1850,1851,44,frames/seq_001851.jpg
1851,1852,41,frames/seq_001852.jpg
1852,1853,43,frames/seq_001853.jpg
1853,1854,44,frames/seq_001854.jpg
1854,1855,38,frames/seq_001855.jpg
1855,1856,37,frames/seq_001856.jpg
1856,1857,33,frames/seq_001857.jpg
1857,1858,32,frames/seq_001858.jpg
1858,1859,31,frames/seq_001859.jpg
1859,1860,31,frames/seq_001860.jpg
1860,1861,30,frames/seq_001861.jpg
1861,1862,34,frames/seq_001862.jpg
1862,1863,36,frames/seq_001863.jpg
1863,1864,33,frames/seq_001864.jpg
1864,1865,32,frames/seq_001865.jpg
1865,1866,32,frames/seq_001866.jpg
1866,1867,27,frames/seq_001867.jpg
1867,1868,29,frames/seq_001868.jpg
1868,1869,30,frames/seq_001869.jpg
1869,1870,35,frames/seq_001870.jpg
1870,1871,40,frames/seq_001871.jpg
1871,1872,41,frames/seq_001872.jpg
1872,1873,44,frames/seq_001873.jpg
1873,1874,42,frames/seq_001874.jpg
1874,1875,36,frames/seq_001875.jpg
1875,1876,37,frames/seq_001876.jpg
1876,1877,35,frames/seq_001877.jpg
1877,1878,40,frames/seq_001878.jpg
1878,1879,40,frames/seq_001879.jpg
1879,1880,42,frames/seq_001880.jpg
1880,1881,45,frames/seq_001881.jpg
1881,1882,42,frames/seq_001882.jpg
1882,1883,39,frames/seq_001883.jpg
1883,1884,33,frames/seq_001884.jpg
1884,1885,35,frames/seq_001885.jpg
1885,1886,35,frames/seq_001886.jpg
1886,1887,39,frames/seq_001887.jpg
1887,1888,33,frames/seq_001888.jpg
1888,1889,33,frames/seq_001889.jpg
1889,1890,35,frames/seq_001890.jpg
1890,1891,31,frames/seq_001891.jpg
1891,1892,30,frames/seq_001892.jpg
1892,1893,26,frames/seq_001893.jpg
1893,1894,26,frames/seq_001894.jpg
1894,1895,26,frames/seq_001895.jpg
1895,1896,28,frames/seq_001896.jpg
1896,1897,27,frames/seq_001897.jpg
1897,1898,27,frames/seq_001898.jpg
1898,1899,27,frames/seq_001899.jpg
1899,1900,26,frames/seq_001900.jpg
1900,1901,30,frames/seq_001901.jpg
1901,1902,31,frames/seq_001902.jpg
1902,1903,30,frames/seq_001903.jpg
1903,1904,30,frames/seq_001904.jpg
1904,1905,33,frames/seq_001905.jpg
1905,1906,35,frames/seq_001906.jpg
1906,1907,32,frames/seq_001907.jpg
1907,1908,26,frames/seq_001908.jpg
1908,1909,30,frames/seq_001909.jpg
1909,1910,28,frames/seq_001910.jpg
1910,1911,29,frames/seq_001911.jpg
1911,1912,28,frames/seq_001912.jpg
1912,1913,27,frames/seq_001913.jpg
1913,1914,26,frames/seq_001914.jpg
1914,1915,29,frames/seq_001915.jpg
1915,1916,30,frames/seq_001916.jpg
1916,1917,30,frames/seq_001917.jpg
1917,1918,27,frames/seq_001918.jpg
1918,1919,30,frames/seq_001919.jpg
1919,1920,32,frames/seq_001920.jpg
1920,1921,33,frames/seq_001921.jpg
1921,1922,28,frames/seq_001922.jpg
1922,1923,29,frames/seq_001923.jpg
1923,1924,30,frames/seq_001924.jpg
1924,1925,29,frames/seq_001925.jpg
1925,1926,35,frames/seq_001926.jpg
1926,1927,34,frames/seq_001927.jpg
1927,1928,33,frames/seq_001928.jpg
1928,1929,31,frames/seq_001929.jpg
1929,1930,35,frames/seq_001930.jpg
1930,1931,28,frames/seq_001931.jpg
1931,1932,29,frames/seq_001932.jpg
1932,1933,26,frames/seq_001933.jpg
1933,1934,25,frames/seq_001934.jpg
1934,1935,28,frames/seq_001935.jpg
1935,1936,31,frames/seq_001936.jpg
1936,1937,29,frames/seq_001937.jpg
1937,1938,29,frames/seq_001938.jpg
1938,1939,30,frames/seq_001939.jpg
1939,1940,30,frames/seq_001940.jpg
1940,1941,30,frames/seq_001941.jpg
1941,1942,28,frames/seq_001942.jpg
1942,1943,29,frames/seq_001943.jpg
1943,1944,26,frames/seq_001944.jpg
1944,1945,25,frames/seq_001945.jpg
1945,1946,25,frames/seq_001946.jpg
1946,1947,25,frames/seq_001947.jpg
1947,1948,24,frames/seq_001948.jpg
1948,1949,24,frames/seq_001949.jpg
1949,1950,27,frames/seq_001950.jpg
1950,1951,30,frames/seq_001951.jpg
1951,1952,32,frames/seq_001952.jpg
1952,1953,29,frames/seq_001953.jpg
1953,1954,27,frames/seq_001954.jpg
1954,1955,28,frames/seq_001955.jpg
1955,1956,32,frames/seq_001956.jpg
1956,1957,33,frames/seq_001957.jpg
1957,1958,32,frames/seq_001958.jpg
1958,1959,28,frames/seq_001959.jpg
1959,1960,27,frames/seq_001960.jpg
1960,1961,26,frames/seq_001961.jpg
1961,1962,28,frames/seq_001962.jpg
1962,1963,26,frames/seq_001963.jpg
1963,1964,28,frames/seq_001964.jpg
1964,1965,29,frames/seq_001965.jpg
1965,1966,30,frames/seq_001966.jpg
1966,1967,30,frames/seq_001967.jpg
1967,1968,28,frames/seq_001968.jpg
1968,1969,29,frames/seq_001969.jpg
1969,1970,29,frames/seq_001970.jpg
1970,1971,25,frames/seq_001971.jpg
1971,1972,30,frames/seq_001972.jpg
1972,1973,29,frames/seq_001973.jpg
1973,1974,28,frames/seq_001974.jpg
1974,1975,28,frames/seq_001975.jpg
1975,1976,27,frames/seq_001976.jpg
1976,1977,27,frames/seq_001977.jpg
1977,1978,30,frames/seq_001978.jpg
1978,1979,30,frames/seq_001979.jpg
1979,1980,30,frames/seq_001980.jpg
1980,1981,30,frames/seq_001981.jpg
1981,1982,29,frames/seq_001982.jpg
1982,1983,34,frames/seq_001983.jpg
1983,1984,33,frames/seq_001984.jpg
1984,1985,35,frames/seq_001985.jpg
1985,1986,36,frames/seq_001986.jpg
1986,1987,31,frames/seq_001987.jpg
1987,1988,26,frames/seq_001988.jpg
1988,1989,26,frames/seq_001989.jpg
1989,1990,26,frames/seq_001990.jpg
1990,1991,28,frames/seq_001991.jpg
1991,1992,28,frames/seq_001992.jpg
1992,1993,28,frames/seq_001993.jpg
1993,1994,28,frames/seq_001994.jpg
1994,1995,29,frames/seq_001995.jpg
1995,1996,27,frames/seq_001996.jpg
1996,1997,27,frames/seq_001997.jpg
1997,1998,25,frames/seq_001998.jpg
1998,1999,26,frames/seq_001999.jpg
1999,2000,26,frames/seq_002000.jpg
